id,title,created_utc,created_dt,author,score,num_comments,permalink
1g3953u,Viso gero laisves partija,1728884666.0,2024-10-14 05:44:26,idieformyteam,4,128,/r/lietuva/comments/1g3953u/viso_gero_laisves_partija/
19c13wc,Šiek tiek statistikų,1705835108.0,2024-01-21 11:05:08,None,0,163,/r/lietuva/comments/19c13wc/šiek_tiek_statistikų/
1hbsk28,Aš viską praradau dėl jos… Ir dėl ko?,1733920804.0,2024-12-11 12:40:04,Aurimas_Wolf_3027,0,144,/r/lietuva/comments/1hbsk28/aš_viską_praradau_dėl_jos_ir_dėl_ko/
1ggcplx,Įspėjimas vyrams,1730375842.0,2024-10-31 11:57:22,None,3,165,/r/lietuva/comments/1ggcplx/įspėjimas_vyrams/
1f4783y,Piderastai dviratininkai,1724950010.0,2024-08-29 16:46:50,Jija2287,12,151,/r/lietuva/comments/1f4783y/piderastai_dviratininkai/
1j11h0z,Ar tureciau snd uzkalbinti dar viena pana gyme?,1740841616.0,2025-03-01 15:06:56,raketinispecius,0,90,/r/lietuva/comments/1j11h0z/ar_tureciau_snd_uzkalbinti_dar_viena_pana_gyme/
1gdkx9g,Valio!!!!!!!!,1730062222.0,2024-10-27 20:50:22,FullRow2753,0,75,/r/lietuva/comments/1gdkx9g/valio/
1ird5l3,Lietuviai susiradę užsienietes,1739772201.0,2025-02-17 06:03:21,440Presents,0,220,/r/lietuva/comments/1ird5l3/lietuviai_susiradę_užsienietes/
1f4s5tk,BlueBerry. Inceliai. Laisvė. Vyriškumas. Andrew Tate. ,1725014746.0,2024-08-30 10:45:46,None,0,169,/r/lietuva/comments/1f4s5tk/blueberry_inceliai_laisvė_vyriškumas_andrew_tate/
1fh7yji,Mirsit nepisę,1726389456.0,2024-09-15 08:37:36,None,2,125,/r/lietuva/comments/1fh7yji/mirsit_nepisę/
1edjc62,Prancūzų Olimpinių atidarymas man asmeniškai buvo freak show. Olimpinių atidarymo ir uždarymo ceremonijų režisavimas buvo pateiktas 42 metų homoseksualiam žydui. ,1722095085.0,2024-07-27 15:44:45,None,0,51,/r/lietuva/comments/1edjc62/prancūzų_olimpinių_atidarymas_man_asmeniškai_buvo/
1788xcz,Is kur pinigai?,1697349734.0,2023-10-15 06:02:14,GloomyEffort3611,0,139,/r/lietuva/comments/1788xcz/is_kur_pinigai/
1hcmatx,Atsibuskit. Veganizmas – vienintelis normalus pasirinkimas,1734013796.0,2024-12-12 14:29:56,Raimis223,0,235,/r/lietuva/comments/1hcmatx/atsibuskit_veganizmas_vienintelis_normalus/
1i61dyf,Ieškau darbo eilę mėnesių šitam gaidyne. Rezultatai nedžiugina.,1737407907.0,2025-01-20 21:18:27,Pure_Radish_9801,0,186,/r/lietuva/comments/1i61dyf/ieškau_darbo_eilę_mėnesių_šitam_gaidyne/
1g1hrlm,Pasirinkau neturėti santykių savo noru,1728674385.0,2024-10-11 19:19:45,xSpAcEX7,2,96,/r/lietuva/comments/1g1hrlm/pasirinkau_neturėti_santykių_savo_noru/
1ck22o2,Multikultūrizmas = susinaikinimas,1714834270.0,2024-05-04 14:51:10,nacionalistas1488,0,80,/r/lietuva/comments/1ck22o2/multikultūrizmas_susinaikinimas/
1inwvi1,Naciai lauk,1739382479.0,2025-02-12 17:47:59,GyvenauPoAkmeniu,64,476,/r/lietuva/comments/1inwvi1/naciai_lauk/
1go58j3,Patriarcho žodis prieš valdžią sukilusioms snaigėms,1731258137.0,2024-11-10 17:02:17,InvestigatorBrief284,0,68,/r/lietuva/comments/1go58j3/patriarcho_žodis_prieš_valdžią_sukilusioms/
1as85w0,"Viena paskutinių homofobų tvirtovių Europoj. Atrodo, kad aplenksim nebent tik mordorą.",1708088854.0,2024-02-16 13:07:34,Ok_Feedback4200,0,202,/r/lietuva/comments/1as85w0/viena_paskutinių_homofobų_tvirtovių_europoj/
1fzvtt2,Morgana apsinešusi LRT debatuose?,1728491974.0,2024-10-09 16:39:34,InvestigatorBrief284,0,53,/r/lietuva/comments/1fzvtt2/morgana_apsinešusi_lrt_debatuose/
1hdfwgq,Lietuvai liko viena viltis – kairės. Viskas kita yra degradų politika.,1734107004.0,2024-12-13 16:23:24,Tiesos_Manija,0,46,/r/lietuva/comments/1hdfwgq/lietuvai_liko_viena_viltis_kairės_viskas_kita_yra/
158qub3,Saugu lankyti Lietuvą kaip lgbt?,1690241402.0,2023-07-24 23:30:02,eeeiue,14,158,/r/lietuva/comments/158qub3/saugu_lankyti_lietuvą_kaip_lgbt/
195ox2p,"Manau, kad užsieniečiams vyrams, kurie žada kurti šeimas ir gyventi Lietuvoje turi būti privaloma karinė tarnyba",1705155322.0,2024-01-13 14:15:22,oxtail774,0,76,/r/lietuva/comments/195ox2p/manau_kad_užsieniečiams_vyrams_kurie_žada_kurti/
1gctth0,Demokratija su lengvu spaudimu: kai kiekvienas balsas yra svarbus.,1729973605.0,2024-10-26 20:13:25,Available-Physics-45,0,28,/r/lietuva/comments/1gctth0/demokratija_su_lengvu_spaudimu_kai_kiekvienas/
1gv1tbb,Ka daryt su musu sostine?,1732035214.0,2024-11-19 16:53:34,Strict-Two8317,10,110,/r/lietuva/comments/1gv1tbb/ka_daryt_su_musu_sostine/
1dqo8ht,"Žiauri ir negailestinga tiesa kurią privalote žinoti: kas ištikrųjų vyksta bobų ""girls trip"" metu.",1719593186.0,2024-06-28 16:46:26,None,0,95,/r/lietuva/comments/1dqo8ht/žiauri_ir_negailestinga_tiesa_kurią_privalote/
1ibb7pr,Terapija,1737990495.0,2025-01-27 15:08:15,detractor_Una,0,78,/r/lietuva/comments/1ibb7pr/terapija/
19bbh6g,Priminimas lietuviams,1705756345.0,2024-01-20 13:12:25,None,0,246,/r/lietuva/comments/19bbh6g/priminimas_lietuviams/
1dfo0ct,Michelin sąrašas labai brangus kada Ling Long padangos išleis ekonominį guide’a???,1718362332.0,2024-06-14 10:52:12,SnowSurge,0,52,/r/lietuva/comments/1dfo0ct/michelin_sąrašas_labai_brangus_kada_ling_long/
1iq8rf1,tiesa,1739646698.0,2025-02-15 19:11:38,AmbitiousComplaint27,0,21,/r/lietuva/comments/1iq8rf1/tiesa/
1fi1llp,"Jei mergina darbe sako man, vaikinui",1726484179.0,2024-09-16 10:56:19,InternationalDisk370,1,98,/r/lietuva/comments/1fi1llp/jei_mergina_darbe_sako_man_vaikinui/
1ardydi,Situacija su barbora,1707998715.0,2024-02-15 12:05:15,Snoo_31106,0,92,/r/lietuva/comments/1ardydi/situacija_su_barbora/
1j349gf,Yra sprendimas,1741068256.0,2025-03-04 06:04:16,Remote-Computer-3752,0,84,/r/lietuva/comments/1j349gf/yra_sprendimas/
1fbkdwe,"Už ką balsuoti,  jeigu mano didžiausias prioritetas - išeiti iš 2 pakopos pensijų kaupimo?",1725752224.0,2024-09-07 23:37:04,DovLiu,0,136,/r/lietuva/comments/1fbkdwe/už_ką_balsuoti_jeigu_mano_didžiausias_prioritetas/
1h8u2vd,Moralinė dilema su tėvuku vatniku,1733583160.0,2024-12-07 14:52:40,agesav,4,80,/r/lietuva/comments/1h8u2vd/moralinė_dilema_su_tėvuku_vatniku/
1bdsnf7,Ar šiuolaikiniai vaikai yra besmegeniai dalbajobai?,1710339642.0,2024-03-13 14:20:42,None,0,110,/r/lietuva/comments/1bdsnf7/ar_šiuolaikiniai_vaikai_yra_besmegeniai_dalbajobai/
17qj6h6,Kaip sekasi su No Nut November?,1699441117.0,2023-11-08 10:58:37,Ok_Piano_420,0,87,/r/lietuva/comments/17qj6h6/kaip_sekasi_su_no_nut_november/
1iq0lj6,Ir vėl pirmaujame visoje ES. Taip gerai niekada negyvenome?,1739623550.0,2025-02-15 12:45:50,taktak_taktak,0,34,/r/lietuva/comments/1iq0lj6/ir_vėl_pirmaujame_visoje_es_taip_gerai_niekada/
1g2jwgy,Laimės NS ar ne - sąžinė rami. Dar spėsi iki 20 val.,1728802620.0,2024-10-13 06:57:00,tengoCojonesDeAcero,35,70,/r/lietuva/comments/1g2jwgy/laimės_ns_ar_ne_sąžinė_rami_dar_spėsi_iki_20_val/
1hhlkrh,Seksistiniai juokeliai apie moteris,1734585312.0,2024-12-19 05:15:12,Complete-Act2795,81,150,/r/lietuva/comments/1hhlkrh/seksistiniai_juokeliai_apie_moteris/
1b2upat,Ar Europai žaliasis kursas yra svarbiau už karą ir realias grėsmes?,1709192062.0,2024-02-29 07:34:22,Antique-Raccoon9486,3,57,/r/lietuva/comments/1b2upat/ar_europai_žaliasis_kursas_yra_svarbiau_už_karą/
